questionText,id,question_id
"First Name",1,1
"Middle Initial",2,1
"Last Name",3,1
Birthdate,4,1
"Social Security Number",5,1
Address,6,1
"Address Line 2",7,1
City,8,1
"State Code",9,1
"Zip Code",10,1
Country,11,1
"Home Phone",12,1
"Work Phone",13,1
"Cell Phone",14,1
Fax,15,1
"E-mail Address",16,1
Status,17,1
"Employee Number",18,1
"Hire Date",19,1
"I-9 Renewal Date",20,1
Location,21,1
Position,22,1
Department,23,1
Manager,24,1
"W-4 Status",25,1
Exemptions,26,1
Gender,27,1
"EEO Category",28,1
"Disabilty Code 01",29,1
"Disability Code 02",30,1
"Disability Code 03",31,1
"Disability Code 04",32,1
"Primary Contact Name",33,2
"P.C. Relationship",34,2
"P.C. Address",35,2
"P.C. Address Line 2",36,2
"P.C. City",37,2
"P.C. State Code",38,2
"P.C. Zip Code",39,2
"P.C. Home Phone",40,2
"P.C. Work Phone",41,2
"P.C. Cell Phone",42,2
"Secondary Contact Name",43,2
"S.C. Relationship",44,2
"S.C. Address",45,2
"S.C. Address Line 2",46,2
"S.C. City",47,2
"S.C. State Code",48,2
"S.C. Zip Code",49,2
"S.C. Home Phone",50,2
"S.C. Work Phone",51,2
"S.C. Cell Phone",52,2
"Physician Name",53,2
"Physician Phone",54,2
"Special Notes",55,2
